ZMENGE,EAN11,MATKL,TITLE,PRICE_MO_AKCNI,PRICE_MO,TEXT,ZVYP,ZAKCE,ZNOV,PRICE_PHE,ZZESROT,PATH_SIM,PATH_LIM,PRICE,ZNACKA,MATNR,DPH,MAINH,WEIGHT,WEIGHT_UNIT,MODEL,PRICE_MO_AKCNI_CZK,PRICE_MO_CZK,PRICE_MO_AKCNI_EUR,PRICE_MO_EUR,DESCRIPTION,_num,PRICE_MO_AKCNI_PLN,PRICE_MO_PLN,PRICE_MO_AKCNI_HUF,PRICE_MO_HUF
0,5025232871315,41PVZEZE,Žehlička na vlasy,"129,00","129,00",EH-PHS9KK825 žehlička na vlasy PANASONIC,,,,"0,00",,https://mc-static.fast.eu/pics/41/41013538/41013538-sim.jpg?4053961439,https://mc-static.fast.eu/pics/41/41013538/41013538-lim.jpg?4053961439,"86,34",PANASONIC,41013538,23%,KS,"731,00",GRM,EH-PHS9KK825,"3499,00","3499,00","129,00","129,00","Krásne rovné vlasy zaberú menej času a vydržia dlhšie. Jedinečná technológia nanoe™ zas dodáva vlasom vlhkosť, aby sa leskli.
Vynikajúce žehlenie
Vďaka pokročilej technológii regulácie teploty, napríklad pomocou platničiek na rovnomerné šírenie tepla a pokročilého stabilného ohrievača, sa teplo šíri rovnomerne na platničky a udržiava sa správna teplota. Výsledkom sú pevne vyrovnané vlasy, ktoré vydržia približne o 20 % dlhšie*1 a vyrovnávanie zaberá približne o 20 % menej času*2. Výsledky testu poskytla spoločnosť SGS. V porovnaní so zariadením Panasonic EH-HS95 pri nastavení teploty 200 °C. *¹ Test zachovania vyrovnania sa uskutočnil vyrovnaním 10 zväzkov vlasov, pričom na každý zväzok sa použil 1 ťah. *² Test času potrebného na vyrovnanie 10 zväzkov (jednotlivo). (Účinnosť sa môže u jednotlivých osôb líšiť.)
Platnička na rovnomerné šírenie tepla a pokročilý stabilný ohrievač
Teplo sa šíri jednotne od okrajov po okraje platničiek na rovnomerné šírenie tepla, takže vlasy sa vyrovnávajú rovnomernejšie. Pokročilý stabilný ohrievač navyše zisťuje, kedy sa platničky používajú, a udržuje správnu teplotu počas stylingu, aby sa zlepšil výkon pri žehlení vlasov.
Zdokonalená hladká keramická platnička
Vďaka inovovanému dizajnu platničiek a tela sa klzný výkon zlepšil o ďalších 30 %*. Krásny rovný účes sa dá dosiahnuť okamžite a bez námahy. Výsledky testu poskytla spoločnosť SGS. V porovnaní so zariadením Panasonic EH-HS95 pri nastavení teploty 200 °C. * Testované posúvaním zväzku vlasov v oboch zariadeniach. (Účinnosť sa môže u jednotlivých osôb líšiť.)
Technológia nanoe™ nabitá vlhkosťou dodáva vlasom hladkú, lesklú a hodvábnu konečnú úpravu
nanoe™, častice rozprášenej vody obsahujúce približne 1 000-krát viac vody ako bežné ióny, vychádzajú zo vzduchových otvorov na stranách platničiek. Dokonca aj pri stylingu s vysokou teplotou zabraňuje technológia nanoe™ strate vlhkosti a poškodeniu v dôsledku tepla, napína pokožku hlavy a zvlhčuje vlasy, aby boli elegantné, rovné a lesklé.
Ergonomický dizajn na lepšiu použiteľnosť a žehlenie
Jedinečný tvar uchopenia, ktoré sa vám pohodlne zmestí do ruky – vďaka vedeckému výskumu ľudskej ruky. 1: Ľahko uchopiteľný oválny tvar 2: Šikmý rez na plynulé otáčanie 3: Palcový držiak na ľahké držanie 4: Štíhla hlava na ľahký prístup ku korienkom
Prevedenie s rovnomerným tlakom na optimálne napnutie
Upínacie napätie je na všetkých platničkách rovnomerné. Správne sa žehlia dokonca aj tenké vrstvy.
Dlhšie platničky na rýchlejšie vyrovnanie
Nový model má žehliace platničky, ktoré sú o 10 % dlhšie a zmestia sa na ne širšie pramene vlasov.
5 nastavení teploty / rýchle zahriatie za 30 s
Podľa potreby môžete nastaviť teplotu 150, 170, 180, 200 alebo 230 °C. Zahriatie trvá približne 30 sekúnd (na dosiahnutie 100 °C).
Univerzálne napätie
Zariadenie je kompatibilné s napätím 100 – 240 V, čo umožňuje používanie na celom svete pomocou správneho adaptéra pre príslušnú krajinu.",1,,,,
0,3030050165371,41HSZAVL,Zastrihávač vlasov,"147,99","147,99",E996E zastrihávač vlasov BABYLISS,,,,"0,00",,https://mc-static.fast.eu/pics/41/41013539/41013539-sim.jpg?516325050,https://mc-static.fast.eu/pics/41/41013539/41013539-lim.jpg?516325050,"99,86",BABYLISS,41013539,23%,KS,"1170,00",GRM,E996E,"3499,00","3599,00","147,99","147,99","Zastrihávač vlasov E996E
Vysoko výkonný a vodotesný zastrihávač vlasov s dobíjacou základňou a indikátorom batérie.
- Lítium-iónová batéria
- Doba chodu na batériu: 3 hodiny
- Doba nabíjania: 3 hodiny
- Brit z japonskej ocele
- Rozsah nastavenia dĺžky strihu 0,8 – 25 mm
- Digitálny indikátor životnosti batérie
- Nabíjací stojan s konektorom USB C
- Puzdro
- 12 nadstavcov v balení",2,,,,
4 - 7 dní,8806898558294,25PRAFAH,Struny,"3,09","3,09",UKS 100 UKULELE STRUNY OLYMPIA,,,,"0,00",BEZ POPLATKU,https://mc-static.fast.eu/pics/25/25002441/25002441-sim.jpg?4057846024,https://mc-static.fast.eu/pics/25/25002441/25002441-lim.jpg?4057846024,"2,01",OLYMPIA,25002441,23%,KS,"17,00",GRM,UKS 100,"79,00","79,00","3,09","3,09",Struny na ukulele,3,,,,
6,3126170114891,35ZMDVAA,Médiá,"0,00","8,99","DVD+RW 4,7GB 4X CB (10) EMTEC",,,,"0,00",,https://mc-static.fast.eu/pics/35/35056104/35056104-sim.jpg?219459993,https://mc-static.fast.eu/pics/35/35056104/35056104-lim.jpg?219459993,"6,74",EMTEC,35056104,23%,KS,"550,00",GRM,"DVD+RW 4,7GB 4X CB (10)",,,,"8,99","Prepisovateľné DVD + RW až 1000x
Kapacita: 4,7 GB
Rýchlosť: 1 - 4x
balenie cake box po 10 kusoch",4,,,,
10+,8590669323012,35AVBZBZ,Bezdrôtový reproduktor,"27,90","27,90",BBS 4400 black BT SPEAKER BUXTON,,,,"0,00",,https://mc-static.fast.eu/pics/35/35056105/35056105-sim.jpg?357896286,https://mc-static.fast.eu/pics/35/35056105/35056105-lim.jpg?357896286,"15,30",BUXTON,35056105,23%,KS,"592,00",GRM,BBS 4400  BLACK,"699,00","879,00","27,90","27,90","VODOVZDORNÝ BLUETOOTH REPRODUKTOR BUXTON BBS 4400 BLACK

Malý rozmerom, veľký výkonom
Je nižší než sklenený polliter, ale zvukom rozhodne prekvapí. Nabiť ho cez USB-C port je brnkačka a potom už ide muzika dokonca až jedenásť hodín v kuse – to keď máte volume na polke. Výkon je nečakane príjemných 15 W. Keď však reproduktor s funkciou TWS bezdrôtovo spriahnete s ďalším BBS 4400 – rozduní sa plne priestorový zvuk so silou 30 W. K tomu všetkému má reproduktor aj technológiu Power Bass, takže basy sú vážne veľmi výživné a plné. Navyše je dobré vedieť, že Buxton BBS 4400 má v sebe plnorozsahový reproduktor a dva pasívne žiariče, čo si môžete preložiť ako – jasne, samozrejme, muzika aj hlas v perfektnej kvalite.

Elegantný vodník
K tomu všetkému si ešte pridajte, že Buxton BBS 4400 je dokonale vodovzdorný. Čo si pod tým predstaviť? Reproduktor vyhovuje stupňu IPX7, takže aj keby ste reproduktor ponorili na pol hodiny meter pod hladinu vody – ani si to nevšimne a hrá ďalej! Lepšieho parťáka do počasia pod psa nenájdete. Navyše je to elegantný týpek – oblečený je do prémiovej tkaniny, so svetelnými efektmi, integrovaným mikrofónom, AUX vstupom a handsfree funkciou! A aký je ľahučký! Váži iba 313 gramov!


Prémiové funkcie:
Vodoodolný BT reproduktor so stupňom krytia IPX7
Funkcia TWS (True Wireless Stereo)
Funkcia svetelných efektov
Funkcia handsfree
Technológia Power Bass
Kryt reproduktora z prémiovej tkaniny
Stavové LED indikátory

Technické špecifikácie:
Maximálny výkon 15 W
1 plnorozsahový reproduktor „Racetrack"" + 2 pasívne žiariče
Veľkosť meniča: 80 × 44 mm
Stupeň krytia IPX7

Bluetooth V5.0
BT profily: A2DP 1.0, AVRCP 1.5, AVCTP 1.4, HFP 1.5, GAVDP 1.0
Kodek: SBC
Vzdialenosť pripojenia: až 15 m

DSP (Digitálny signálový procesor)
Port USB (prehrávanie hudby)
Podporované audio formáty: MP3, WAV
Externý vstup Aux (3,5 mm stereofónny konektor)
Integrovaný mikrofón

Dobíjacia batéria: 1 800 mAh/3,7 V Li-Ion
Čas prehrávania: až 11 h (50 % hlasitosti)
Čas prehrávania: až 4 h (100 % hlasitosti)
Pohotovostný čas: až 36 h
Čas nabíjania: ≤ 2,5 h
Nabíjací port: USB-C

Frekvenčná odozva: 150 Hz – 20 000 Hz
Citlivosť: 88 +/- 3 dB (pri 1 kHz)
Impedancia: 3 Ω +/- 10 %
RMS Výkon BT reproduktora: 9 W

Rozmery: 79 × 128 × 79 mm (š/v/h)
Hmotnosť: 313 g

Obsah balenia: BT reproduktor, pútko, USB nabíjací kábel, audio kábel 3,5 mm jack-jack, používateľský manuál",5,"170,90","159,90","14990,00","14990,00"
10+,8590669323098,35AVBZBZ,Mini reproduktor,"27,90","27,90",YSP 3010BK QBRICK BT reproduktor YENKEE,,,,"0,00",,https://mc-static.fast.eu/pics/35/35056106/35056106-sim.jpg?3853845558,https://mc-static.fast.eu/pics/35/35056106/35056106-lim.jpg?3853845558,"17,30",YENKEE,35056106,23%,KS,"653,00",GRM,YSP 3010BK QBRICK,"599,00","599,00","27,90","27,90","Prenosný Bluetooth reproduktor

Bluetooth 5.0
Skvelý zvuk
TECHNOLÓGIA TRUE WIRELESS STEREO
Bluetooth reproduktor QBRICK je najlepším riešením reprodukcie zvuku pri vašich obľúbených domácich či vonkajších aktivitách. Nízkoenergetické zabezpečené bezdrôtové pripojenie je zaisťované technológiou Bluetooth 5.0. Táto verzia je spätne kompatibilná so staršími verziami. Pripojte tento reproduktor k akémukoľvek zariadeniu s podporou Bluetooth a počúvajte vašu hudbu alebo prijímajte telefónne hovory prostredníctvom vstavaného mikrofónu a funkcie handsfree. TECHNOLÓGIA TRUE WIRELESS STEREO (TWS) umožňuje spojiť dva reproduktory QBRICK pre výkonnejší 40W stereo zvuk. Dobíjacia lítium-iónová batéria s kapacitou 2400mAh poskytuje skvelých 10 hodín nonstop prehrávania hudby. Vďaka funkcii handsfree dostupnej pri tomto reproduktore môžete tiež prijímať telefónne hovory. QBRICK je navrhnutý ako spoľahlivý, elegantný a štýlový komponent vášho systému domácej zábavy na každú príležitosť. Vďaka prvotriednym materiálom a univerzálnemu dizajnu je vhodný na vnútorné aj vonkajšie aktivity.

Verzia Bluetooth: 5.0
Prenosová vzdialenosť: až 15m
Výstupný výkon: 20W
Jednotka meniča: φ 45mm
Frekvenčná odozva: 60Hz-18kHz
Odstup signálu od šumu: ≥80dB
Maximálny výkon vysielača 80mW pri frekvencii 2,4 GHz – 2,4835 GHz
Typ batérie: Lithium-ion 2400mAh
Napájací vstup: DC 5V/1A (TYPE C)
AUX: Konektor 3,5 mm
Čas prehrávania: 8-10h
Rozmery: 190x50x65mm
Hmotnosť: 455g",6,,,"12990,00","12990,00"
